{
  "version": 1.0,
  "egoVehicle": {
    "DataID": 20100015,
    "UNIQUEID": -1,
    "m_eobstacleObjType": 0,
    "initPosition": {
      "initPositionMode": "Absolute",
      "pos": {
        "x": 170.33700561523438,
        "y": 1723.947998046875,
        "z": -0.4699999988079071,
        "_x": "170.337",
        "_y": "1,723.948",
        "_z": "-0.470"
      },
      "rot": {
        "roll": "-359.915",
        "pitch": "359.570",
        "yaw": "69.412"
      },
      "initLink": "",
      "initLinkRatio": 0,
      "gear": 4,
      "vehicleSaveData": {
        "velocity": 37.182621002197266,
        "inputData": [
          0,
          10000,
          0,
          0,
          0,
          2,
          4,
          0,
          0,
          0
        ],
        "vehicle": {
          "time": 421.386962890625,
          "lastVelocity": {
            "x": -3.8425509929656982,
            "y": -0.0036953836679458618,
            "z": -9.5123987197875977
          },
          "lastImpactTime": 395.95394897460938
        },
        "wheels": [
          {
            "L": 68.772026062011719,
            "Tr": -1229.107666015625,
            "contactDepth": 0.078567244112491608,
            "lastTireForce": {
              "x": -12.762884140014648,
              "y": 3724.568603515625
            }
          },
          {
            "L": 71.10467529296875,
            "Tr": -1265.5986328125,
            "contactDepth": 0.0787290707230568,
            "lastTireForce": {
              "x": -11.52701473236084,
              "y": 3835.147705078125
            }
          },
          {
            "L": 42.348762512207031,
            "Tr": 13.297038078308105,
            "contactDepth": 0.09795013815164566,
            "lastTireForce": {
              "x": 82.0623779296875,
              "y": -40.2940559387207
            }
          },
          {
            "L": 42.276737213134766,
            "Tr": 14.538155555725098,
            "contactDepth": 0.095794357359409332,
            "lastTireForce": {
              "x": 79.283454895019531,
              "y": -44.055019378662109
            }
          }
        ],
        "engine": {
          "L": 227.73825073242188,
          "Treaction": -371.16964721679688,
          "rpmLimiterActive": false,
          "rpmLimiterTime": 0.0,
          "tcsActivationTime": -1.0
        },
        "gearbox": {
          "L": 0.4549407958984375,
          "manualGear": 0,
          "manualRatio": 0.0,
          "engaged": false,
          "lastEngagedTime": 0.0,
          "lastAutoShiftTime": 0.0,
          "vehicleMoving": false,
          "gearMode": 4,
          "automaticGear": 2,
          "automaticRatio": 2.3959999084472656,
          "transition": false,
          "transitionStartedTime": 420.84725952148438,
          "fromGear": 1,
          "toGear": 2,
          "fromRatio": 3.6649999618530273,
          "toRatio": 2.3959999084472656,
          "transitionRatio": 2.3959999084472656
        },
        "lastVelocity": {
          "x": -3.8425509929656982,
          "y": -0.0036953836679458618,
          "z": -9.5123987197875977
        }
      }
    },
    "currentVelocity": 37.182621002197266,
    "v2vUDPSessionInfo": {
      "isInit": false,
      "v2vConfig": {
        "hostIP": "0.0.0.0",
        "Port": 5641,
        "receiveTimeout": 0,
        "BuffSize": 8196,
        "surroundVehiclePubTime": 100
      }
    },
    "beforeControlMode": 0,
    "currentControlMode": 1
  },
  "vehicleList": [],
  "pedestrianList": [
    {
      "DataID": 50100005,
      "UNIQUEID": 43,
      "m_eobstacleObjType": 2,
      "pos": {
        "x": 139.44999694824219,
        "y": 1436.43603515625,
        "z": -0.4699999988079071,
        "_x": "139.450",
        "_y": "1,436.436",
        "_z": "-0.470"
      },
      "rot": {
        "roll": "0.000",
        "pitch": "0.000",
        "yaw": "32.974"
      },
      "activeDistance": 15.0,
      "speed": 0.0,
      "active": true,
      "loop": false,
      "initPos": {
        "x": -139.44999694824219,
        "y": -0.4699999988079071,
        "z": -1436.43603515625,
        "_x": "-139.450",
        "_y": "-0.470",
        "_z": "-1,436.436"
      },
      "initRot": {
        "roll": "0.000",
        "pitch": "250.500",
        "yaw": "0.000"
      },
      "movingDistance": 5.0,
      "movingDistanceAmount": 0.0,
      "standardPos": {
        "x": -136.03500366210938,
        "y": -0.460999995470047,
        "z": -1437.366943359375,
        "_x": "-136.035",
        "_y": "-0.461",
        "_z": "-1,437.367"
      },
      "anim": {
        "m_FileID": -88886,
        "m_PathID": 0
      },
      "stateNameHash": 2081823275,
      "stateNormalizedTime": 2187.19384765625,
      "pedestrianBehavior": 1,
      "pedestrianType": 2,
      "listObjIDForBehavior": [],
      "animSpeed": 0.0
    }
  ],
  "objectList": [
    {
      "DataID": 40100005,
      "UNIQUEID": 29,
      "m_eobstacleObjType": 4,
      "pos": {
        "x": 139.70100402832031,
        "y": 1435.0999755859375,
        "z": -0.4699999988079071,
        "_x": "139.701",
        "_y": "1,435.100",
        "_z": "-0.470"
      },
      "rot": {
        "roll": "-0.330",
        "pitch": "0.145",
        "yaw": "-76.359"
      },
      "scale": {
        "x": 1.0,
        "y": 1.0,
        "z": 1.0,
        "_x": "1.000",
        "_y": "1.000",
        "_z": "1.000"
      }
    },
    {
      "DataID": 40100005,
      "UNIQUEID": 24,
      "m_eobstacleObjType": 4,
      "pos": {
        "x": 141.51600646972656,
        "y": 1435.1090087890625,
        "z": -0.48399999737739563,
        "_x": "141.516",
        "_y": "1,435.109",
        "_z": "-0.484"
      },
      "rot": {
        "roll": "-0.440",
        "pitch": "0.193",
        "yaw": "-76.589"
      },
      "scale": {
        "x": 1.0,
        "y": 1.0,
        "z": 1.0,
        "_x": "1.000",
        "_y": "1.000",
        "_z": "1.000"
      }
    },
    {
      "DataID": 40100001,
      "UNIQUEID": 33,
      "m_eobstacleObjType": 4,
      "pos": {
        "x": 141.20899963378906,
        "y": 1437.6939697265625,
        "z": -0.4779999852180481,
        "_x": "141.209",
        "_y": "1,437.694",
        "_z": "-0.478"
      },
      "rot": {
        "roll": "-0.436",
        "pitch": "0.017",
        "yaw": "-92.183"
      },
      "scale": {
        "x": 1.0,
        "y": 5.0,
        "z": 1.0,
        "_x": "1.000",
        "_y": "5.000",
        "_z": "1.000"
      }
    },
    {
      "DataID": 40300001,
      "UNIQUEID": 7,
      "m_eobstacleObjType": 4,
      "pos": {
        "x": 140.0260009765625,
        "y": 1519.60400390625,
        "z": -0.39300000667572021,
        "_x": "140.026",
        "_y": "1,519.604",
        "_z": "-0.393"
      },
      "rot": {
        "roll": "-359.994",
        "pitch": "359.977",
        "yaw": "-84.608"
      },
      "scale": {
        "x": 1.0,
        "y": 1.0,
        "z": 1.0,
        "_x": "1.000",
        "_y": "1.000",
        "_z": "1.000"
      }
    },
    {
      "DataID": 40100034,
      "UNIQUEID": 3,
      "m_eobstacleObjType": 4,
      "pos": {
        "x": 138.86099243164063,
        "y": 1524.2779541015625,
        "z": -0.43799999356269836,
        "_x": "138.861",
        "_y": "1,524.278",
        "_z": "-0.438"
      },
      "rot": {
        "roll": "-0.098",
        "pitch": "-0.003",
        "yaw": "-84.611"
      },
      "scale": {
        "x": 1.0,
        "y": 1.0,
        "z": 1.0,
        "_x": "1.000",
        "_y": "1.000",
        "_z": "1.000"
      }
    }
  ],
  "spawnPointList": [
    {
      "DataID": 90100001,
      "UNIQUEID": 22,
      "m_eobstacleObjType": 5,
      "pos": {
        "x": 204.60400390625,
        "y": 1761.886962890625,
        "z": -0.546999990940094,
        "_x": "204.604",
        "_y": "1,761.887",
        "_z": "-0.547"
      },
      "rot": {
        "roll": "0.000",
        "pitch": "0.000",
        "yaw": "-82.825"
      },